{"stats":{"minecraft:mined":{"minecraft:pink_petals":1,"minecraft:flowering_azalea":1,"minecraft:furnace":2,"minecraft:candle":1,"minecraft:barrel":2,"minecraft:smoker":1,"minecraft:cherry_log":6,"minecraft:dark_oak_log":5,"minecraft:moss_carpet":1,"minecraft:crafting_table":1,"minecraft:cave_vines_plant":1,"minecraft:grass":2,"minecraft:grass_block":5,"minecraft:cave_vines":8,"minecraft:lantern":2,"minecraft:dirt":5,"minecraft:bamboo":3,"minecraft:azalea":3,"minecraft:stone":34,"minecraft:moss_block":32,"minecraft:oak_leaves":5,"minecraft:rooted_dirt":29,"minecraft:fern":1},"minecraft:picked_up":{"minecraft:pink_petals":4,"minecraft:crafting_table":1,"minecraft:smoker":1,"minecraft:cherry_log":5,"minecraft:lantern":1,"minecraft:barrel":2,"minecraft:dark_oak_log":6,"minecraft:moss_carpet":17,"minecraft:dirt":9,"minecraft:wheat_seeds":2,"minecraft:oak_sapling":1,"minecraft:bamboo":13,"minecraft:azalea":4,"minecraft:rooted_dirt":29,"minecraft:moss_block":32,"minecraft:mutton":4,"minecraft:glow_berries":2,"minecraft:flowering_azalea":1,"minecraft:white_wool":3,"minecraft:cobblestone":34,"minecraft:furnace":2},"minecraft:broken":{"minecraft:wooden_pickaxe":1},"minecraft:killed":{"minecraft:sheep":3},"minecraft:custom":{"minecraft:time_since_rest":1203,"minecraft:interact_with_furnace":2,"minecraft:sprint_one_cm":59143,"minecraft:damage_taken":879,"minecraft:walk_one_cm":33175,"minecraft:mob_kills":3,"minecraft:damage_dealt":316,"minecraft:interact_with_crafting_table":3,"minecraft:fly_one_cm":56381,"minecraft:open_barrel":1,"minecraft:open_chest":8,"minecraft:crouch_one_cm":274,"minecraft:play_time":17711,"minecraft:deaths":2,"minecraft:sneak_time":187,"minecraft:walk_under_water_one_cm":971,"minecraft:jump":389,"minecraft:interact_with_smoker":1,"minecraft:time_since_death":1178,"minecraft:walk_on_water_one_cm":6296,"minecraft:climb_one_cm":3395,"minecraft:total_world_time":17711,"minecraft:fall_one_cm":10489},"minecraft:crafted":{"minecraft:crafting_table":3,"minecraft:stick":12,"minecraft:wooden_pickaxe":1,"minecraft:wooden_axe":1,"minecraft:dark_oak_planks":24,"minecraft:stone_axe":1,"minecraft:air":0,"minecraft:cooked_mutton":1},"minecraft:used":{"minecraft:cooked_mutton":1,"minecraft:wooden_axe":7,"minecraft:apple":2,"minecraft:rooted_dirt":24,"minecraft:wooden_pickaxe":69,"minecraft:stone_axe":20,"minecraft:glow_berries":3,"minecraft:dirt":7,"minecraft:mutton":1,"minecraft:crafting_table":3,"minecraft:furnace":1}},"DataVersion":3465}