{"stats":{"minecraft:crafted":{"minecraft:crafting_table":3,"minecraft:wooden_pickaxe":1,"minecraft:stone_axe":2,"minecraft:cooked_mutton":14,"minecraft:air":0,"minecraft:stick":12,"minecraft:wooden_axe":1,"minecraft:dark_oak_planks":24},"minecraft:broken":{"minecraft:stone_axe":1,"minecraft:golden_pickaxe":1,"minecraft:wooden_pickaxe":1},"minecraft:killed":{"minecraft:spider":1,"minecraft:sheep":16,"minecraft:zombie":4},"minecraft:picked_up":{"minecraft:pink_petals":4,"minecraft:crafting_table":2,"minecraft:golden_pickaxe":1,"minecraft:smoker":1,"minecraft:lantern":19,"minecraft:red_bed":1,"minecraft:string":2,"minecraft:dirt":22,"minecraft:moss_carpet":17,"minecraft:wheat_seeds":3,"minecraft:azalea":4,"minecraft:bamboo":13,"minecraft:moss_block":32,"minecraft:flowering_azalea":1,"minecraft:furnace":2,"minecraft:book":9,"minecraft:scaffolding":10,"minecraft:stick":1,"minecraft:cherry_log":81,"minecraft:barrel":2,"minecraft:dark_oak_log":6,"minecraft:spider_eye":1,"minecraft:rotten_flesh":3,"minecraft:cherry_sapling":2,"minecraft:rooted_dirt":29,"minecraft:oak_sapling":1,"minecraft:glow_berries":2,"minecraft:mutton":25,"minecraft:white_wool":17,"minecraft:cobblestone":34},"minecraft:used":{"minecraft:cooked_mutton":5,"minecraft:wooden_pickaxe":69,"minecraft:glow_berries":3,"minecraft:dirt":7,"minecraft:mutton":1,"minecraft:crafting_table":4,"minecraft:wooden_axe":7,"minecraft:apple":11,"minecraft:rooted_dirt":25,"minecraft:pink_petals":4,"minecraft:stone_axe":136,"minecraft:furnace":1,"minecraft:golden_pickaxe":42},"minecraft:mined":{"minecraft:scaffolding":10,"minecraft:flowering_azalea":1,"minecraft:red_bed":1,"minecraft:candle":1,"minecraft:smoker":1,"minecraft:cherry_log":84,"minecraft:dark_oak_log":5,"minecraft:crafting_table":2,"minecraft:cave_vines_plant":1,"minecraft:grass_block":5,"minecraft:white_stained_glass_pane":2,"minecraft:moss_block":32,"minecraft:rooted_dirt":29,"minecraft:pink_petals":2,"minecraft:furnace":2,"minecraft:fire":19,"minecraft:barrel":2,"minecraft:moss_carpet":1,"minecraft:grass":5,"minecraft:bookshelf":3,"minecraft:cave_vines":8,"minecraft:cherry_leaves":3,"minecraft:lantern":11,"minecraft:dirt":5,"minecraft:bamboo":3,"minecraft:azalea":3,"minecraft:stone":34,"minecraft:oak_leaves":5,"minecraft:fern":1},"minecraft:custom":{"minecraft:interact_with_furnace":3,"minecraft:mob_kills":21,"minecraft:interact_with_crafting_table":4,"minecraft:open_barrel":1,"minecraft:leave_game":1,"minecraft:time_since_death":12425,"minecraft:sleep_in_bed":1,"minecraft:climb_one_cm":3649,"minecraft:time_since_rest":9285,"minecraft:sprint_one_cm":148312,"minecraft:damage_taken":1451,"minecraft:walk_one_cm":101852,"minecraft:drop":6,"minecraft:damage_dealt":1962,"minecraft:swim_one_cm":6058,"minecraft:fly_one_cm":202781,"minecraft:open_chest":43,"minecraft:crouch_one_cm":460,"minecraft:play_time":41922,"minecraft:deaths":3,"minecraft:sneak_time":285,"minecraft:walk_under_water_one_cm":3189,"minecraft:jump":1121,"minecraft:walk_on_water_one_cm":8122,"minecraft:interact_with_smoker":3,"minecraft:total_world_time":41922,"minecraft:fall_one_cm":25790},"minecraft:dropped":{"minecraft:golden_pickaxe":1,"minecraft:cobblestone":28,"minecraft:rotten_flesh":3,"minecraft:oak_sapling":1,"minecraft:spider_eye":1,"minecraft:string":2}},"DataVersion":3465}