{"stats":{"minecraft:mined":{"minecraft:grass":2,"minecraft:grass_block":2,"minecraft:cave_vines":8,"minecraft:flowering_azalea":1,"minecraft:moss_carpet":1,"minecraft:azalea":3,"minecraft:stone":24,"minecraft:dark_oak_log":4,"minecraft:cave_vines_plant":1,"minecraft:moss_block":32,"minecraft:rooted_dirt":29},"minecraft:picked_up":{"minecraft:wheat_seeds":2,"minecraft:azalea":4,"minecraft:rooted_dirt":29,"minecraft:flowering_azalea":1,"minecraft:moss_block":32,"minecraft:glow_berries":2,"minecraft:dark_oak_log":5,"minecraft:dirt":1,"minecraft:cobblestone":23,"minecraft:moss_carpet":17},"minecraft:custom":{"minecraft:time_since_rest":5711,"minecraft:play_time":5711,"minecraft:sprint_one_cm":8174,"minecraft:damage_taken":30,"minecraft:walk_one_cm":8484,"minecraft:sneak_time":5,"minecraft:walk_under_water_one_cm":971,"minecraft:jump":111,"minecraft:walk_on_water_one_cm":6296,"minecraft:time_since_death":5711,"minecraft:total_world_time":5711,"minecraft:interact_with_crafting_table":1,"minecraft:fall_one_cm":880,"minecraft:fly_one_cm":8267},"minecraft:crafted":{"minecraft:dark_oak_planks":16,"minecraft:crafting_table":1,"minecraft:stick":4,"minecraft:wooden_pickaxe":1},"minecraft:used":{"minecraft:crafting_table":1,"minecraft:rooted_dirt":16,"minecraft:wooden_pickaxe":50}},"DataVersion":3465}