{"stats":{"minecraft:dropped":{"minecraft:golden_pickaxe":1,"minecraft:rotten_flesh":3,"minecraft:oak_sapling":1,"minecraft:spider_eye":1,"minecraft:string":2},"minecraft:mined":{"minecraft:scaffolding":1,"minecraft:flowering_azalea":1,"minecraft:red_bed":1,"minecraft:candle":1,"minecraft:smoker":1,"minecraft:cherry_log":84,"minecraft:dark_oak_log":5,"minecraft:cave_vines_plant":1,"minecraft:crafting_table":1,"minecraft:grass_block":5,"minecraft:white_stained_glass_pane":2,"minecraft:moss_block":32,"minecraft:rooted_dirt":29,"minecraft:pink_petals":2,"minecraft:furnace":2,"minecraft:fire":19,"minecraft:barrel":2,"minecraft:moss_carpet":1,"minecraft:grass":4,"minecraft:bookshelf":3,"minecraft:cave_vines":8,"minecraft:lantern":8,"minecraft:cherry_leaves":3,"minecraft:dirt":5,"minecraft:bamboo":3,"minecraft:azalea":3,"minecraft:stone":34,"minecraft:oak_leaves":5,"minecraft:fern":1},"minecraft:picked_up":{"minecraft:pink_petals":4,"minecraft:crafting_table":1,"minecraft:golden_pickaxe":1,"minecraft:smoker":1,"minecraft:red_bed":1,"minecraft:dirt":9,"minecraft:string":2,"minecraft:moss_carpet":17,"minecraft:lantern":7,"minecraft:wheat_seeds":2,"minecraft:azalea":4,"minecraft:bamboo":13,"minecraft:moss_block":32,"minecraft:flowering_azalea":1,"minecraft:furnace":2,"minecraft:book":9,"minecraft:scaffolding":1,"minecraft:stick":1,"minecraft:cherry_log":81,"minecraft:dark_oak_log":6,"minecraft:spider_eye":1,"minecraft:barrel":2,"minecraft:rotten_flesh":3,"minecraft:cherry_sapling":2,"minecraft:rooted_dirt":29,"minecraft:oak_sapling":1,"minecraft:glow_berries":2,"minecraft:mutton":13,"minecraft:white_wool":10,"minecraft:cobblestone":34},"minecraft:broken":{"minecraft:stone_axe":1,"minecraft:wooden_pickaxe":1},"minecraft:killed":{"minecraft:spider":1,"minecraft:sheep":8,"minecraft:zombie":4},"minecraft:custom":{"minecraft:interact_with_furnace":3,"minecraft:mob_kills":13,"minecraft:interact_with_crafting_table":3,"minecraft:open_barrel":1,"minecraft:time_since_death":214,"minecraft:climb_one_cm":3395,"minecraft:time_since_rest":238,"minecraft:sprint_one_cm":95793,"minecraft:damage_taken":1275,"minecraft:walk_one_cm":62783,"minecraft:drop":5,"minecraft:damage_dealt":1352,"minecraft:swim_one_cm":3049,"minecraft:fly_one_cm":113850,"minecraft:open_chest":17,"minecraft:crouch_one_cm":460,"minecraft:play_time":29711,"minecraft:deaths":3,"minecraft:sneak_time":276,"minecraft:walk_under_water_one_cm":1280,"minecraft:jump":739,"minecraft:walk_on_water_one_cm":6985,"minecraft:total_world_time":29711,"minecraft:interact_with_smoker":2,"minecraft:fall_one_cm":17464},"minecraft:crafted":{"minecraft:crafting_table":3,"minecraft:wooden_pickaxe":1,"minecraft:stone_axe":1,"minecraft:cooked_mutton":1,"minecraft:air":0,"minecraft:stick":12,"minecraft:wooden_axe":1,"minecraft:dark_oak_planks":24},"minecraft:used":{"minecraft:cooked_mutton":1,"minecraft:wooden_pickaxe":69,"minecraft:glow_berries":3,"minecraft:dirt":7,"minecraft:mutton":1,"minecraft:crafting_table":3,"minecraft:wooden_axe":7,"minecraft:apple":11,"minecraft:rooted_dirt":24,"minecraft:stone_axe":118,"minecraft:pink_petals":4,"minecraft:furnace":1,"minecraft:golden_pickaxe":28}},"DataVersion":3465}