{"stats":{"minecraft:crafted":{"minecraft:crafting_table":3,"minecraft:wooden_pickaxe":1,"minecraft:stone_axe":2,"minecraft:cooked_mutton":14,"minecraft:air":0,"minecraft:stick":12,"minecraft:wooden_axe":1,"minecraft:dark_oak_planks":24},"minecraft:broken":{"minecraft:stone_axe":1,"minecraft:golden_pickaxe":1,"minecraft:wooden_pickaxe":1},"minecraft:killed":{"cannibal:cannibal":1,"minecraft:spider":1,"minecraft:sheep":24,"minecraft:zombie":4},"minecraft:picked_up":{"minecraft:charcoal":2,"minecraft:pink_petals":4,"minecraft:crafting_table":2,"minecraft:golden_pickaxe":1,"minecraft:smoker":1,"minecraft:lily_pad":2,"minecraft:lantern":19,"minecraft:red_bed":1,"minecraft:string":2,"minecraft:dirt":22,"minecraft:moss_carpet":17,"minecraft:wheat_seeds":3,"minecraft:azalea":4,"minecraft:bamboo":13,"minecraft:moss_block":32,"minecraft:chest":2,"minecraft:flowering_azalea":1,"minecraft:furnace":2,"minecraft:book":9,"minecraft:scaffolding":10,"minecraft:stick":24,"minecraft:cherry_log":126,"minecraft:barrel":2,"minecraft:dark_oak_log":6,"minecraft:spider_eye":1,"minecraft:rotten_flesh":3,"minecraft:cherry_sapling":14,"minecraft:bread":2,"minecraft:rooted_dirt":31,"minecraft:oak_sapling":1,"minecraft:glow_berries":2,"minecraft:mutton":33,"minecraft:white_wool":51,"minecraft:cobblestone":34},"minecraft:killed_by":{"cannibal:cannibal_butcher":1},"minecraft:used":{"minecraft:cooked_mutton":11,"minecraft:wooden_pickaxe":69,"minecraft:glow_berries":3,"minecraft:dirt":7,"minecraft:mutton":1,"minecraft:crafting_table":4,"minecraft:wooden_axe":7,"minecraft:apple":11,"minecraft:rooted_dirt":30,"cannibal:bone_sword":6,"minecraft:pink_petals":4,"minecraft:stone_axe":152,"minecraft:furnace":1,"minecraft:golden_pickaxe":42},"minecraft:mined":{"minecraft:scaffolding":10,"minecraft:flowering_azalea":1,"minecraft:red_bed":1,"minecraft:candle":1,"minecraft:smoker":1,"minecraft:cherry_log":84,"minecraft:dark_oak_log":5,"minecraft:crafting_table":2,"minecraft:cave_vines_plant":1,"minecraft:grass_block":5,"minecraft:chest":2,"minecraft:white_stained_glass_pane":2,"minecraft:lily_pad":2,"minecraft:moss_block":32,"minecraft:rooted_dirt":31,"minecraft:pink_petals":2,"minecraft:furnace":2,"minecraft:fire":19,"minecraft:barrel":2,"minecraft:moss_carpet":1,"minecraft:grass":10,"minecraft:bookshelf":3,"minecraft:cave_vines":8,"minecraft:cherry_leaves":3,"minecraft:lantern":11,"minecraft:dirt":5,"minecraft:bamboo":3,"minecraft:azalea":3,"minecraft:stone":34,"minecraft:oak_leaves":5,"minecraft:fern":1},"minecraft:custom":{"minecraft:interact_with_furnace":3,"minecraft:mob_kills":30,"minecraft:interact_with_crafting_table":4,"minecraft:open_barrel":1,"minecraft:interact_with_grindstone":1,"minecraft:leave_game":1,"minecraft:time_since_death":1320,"minecraft:sleep_in_bed":1,"minecraft:climb_one_cm":4679,"minecraft:time_since_rest":1348,"minecraft:sprint_one_cm":211107,"minecraft:damage_taken":2353,"minecraft:walk_one_cm":124259,"minecraft:drop":11,"minecraft:damage_dealt":2887,"minecraft:swim_one_cm":6058,"minecraft:fly_one_cm":322115,"minecraft:open_chest":51,"minecraft:crouch_one_cm":460,"minecraft:play_time":53922,"minecraft:deaths":5,"minecraft:sneak_time":285,"minecraft:walk_under_water_one_cm":3495,"minecraft:jump":1871,"minecraft:walk_on_water_one_cm":10992,"minecraft:interact_with_smoker":4,"minecraft:total_world_time":53922,"minecraft:fall_one_cm":36737},"minecraft:dropped":{"minecraft:wheat_seeds":1,"minecraft:golden_pickaxe":1,"minecraft:cobblestone":28,"minecraft:rotten_flesh":3,"minecraft:smoker":1,"minecraft:chest":1,"minecraft:oak_sapling":1,"minecraft:spider_eye":1,"minecraft:string":2,"minecraft:white_wool":34}},"DataVersion":3465}