{"stats":{"minecraft:mined":{"minecraft:candle":1,"minecraft:dark_oak_log":1,"minecraft:black_bed":2},"minecraft:dropped":{"minecraft:spider_eye":1,"minecraft:rooted_dirt":1,"minecraft:dark_oak_log":1},"minecraft:picked_up":{"minecraft:black_bed":2,"minecraft:candle":3,"minecraft:rooted_dirt":1,"minecraft:dark_oak_log":1,"minecraft:spider_eye":1,"minecraft:dirt":1,"minecraft:lantern":1},"minecraft:killed":{"minecraft:spider":1},"minecraft:custom":{"minecraft:time_since_rest":17851,"minecraft:open_chest":5,"minecraft:play_time":17851,"minecraft:sprint_one_cm":32468,"minecraft:damage_taken":158,"minecraft:walk_one_cm":11910,"minecraft:mob_kills":1,"minecraft:drop":3,"minecraft:jump":153,"minecraft:damage_dealt":213,"minecraft:time_since_death":17851,"minecraft:climb_one_cm":488,"minecraft:total_world_time":17851,"minecraft:fall_one_cm":4242,"minecraft:fly_one_cm":29646},"minecraft:used":{"minecraft:dirt":1,"minecraft:lantern":1,"minecraft:bread":3,"minecraft:candle":3}},"DataVersion":3465}