{"stats":{"minecraft:mined":{"minecraft:dark_oak_leaves":1,"minecraft:candle":1,"minecraft:dark_oak_log":1,"minecraft:black_bed":2},"minecraft:dropped":{"minecraft:spider_eye":1,"minecraft:rooted_dirt":1,"minecraft:dark_oak_log":1},"minecraft:picked_up":{"minecraft:black_bed":2,"minecraft:candle":3,"minecraft:cherry_log":1,"minecraft:rooted_dirt":1,"minecraft:dark_oak_log":1,"minecraft:spider_eye":1,"minecraft:dirt":1,"minecraft:lantern":1},"minecraft:killed":{"minecraft:spider":1},"minecraft:custom":{"minecraft:time_since_rest":29851,"minecraft:open_chest":5,"minecraft:play_time":29851,"minecraft:sprint_one_cm":37747,"minecraft:damage_taken":158,"minecraft:walk_one_cm":13474,"minecraft:mob_kills":1,"minecraft:drop":3,"minecraft:jump":183,"minecraft:damage_dealt":227,"minecraft:time_since_death":29851,"minecraft:climb_one_cm":488,"minecraft:total_world_time":29851,"minecraft:fall_one_cm":5407,"minecraft:fly_one_cm":34492},"minecraft:used":{"minecraft:dirt":1,"minecraft:lantern":1,"minecraft:bread":4,"minecraft:candle":3}},"DataVersion":3465}