{"stats":{"minecraft:crafted":{"minecraft:oak_planks":28,"minecraft:crafting_table":2,"minecraft:stick":8,"minecraft:stone_pickaxe":1,"minecraft:wooden_axe":1,"minecraft:dark_oak_planks":40,"minecraft:stone_axe":1},"minecraft:killed":{"minecraft:spider":1},"minecraft:picked_up":{"minecraft:birch_log":14,"minecraft:dark_oak_sapling":11,"minecraft:charcoal":2,"minecraft:stick":5,"minecraft:black_bed":2,"minecraft:oak_log":16,"minecraft:cherry_log":1,"minecraft:dark_oak_log":200,"minecraft:spider_eye":1,"minecraft:dirt":1,"minecraft:lantern":1,"minecraft:apple":9,"minecraft:candle":3,"minecraft:rooted_dirt":1,"minecraft:oak_sapling":8,"minecraft:birch_sapling":7,"minecraft:cobblestone":28},"minecraft:killed_by":{"minecraft:zombie":1},"minecraft:used":{"minecraft:lantern":1,"minecraft:bread":6,"minecraft:stone_axe":1,"minecraft:dirt":1,"minecraft:crafting_table":2,"minecraft:cherry_log":1,"minecraft:candle":3},"minecraft:mined":{"minecraft:red_bed":1,"minecraft:dark_oak_leaves":1,"minecraft:candle":1,"minecraft:dark_oak_log":4,"minecraft:black_bed":2,"minecraft:oak_log":1,"minecraft:campfire":1},"minecraft:custom":{"minecraft:time_since_rest":4903,"minecraft:sprint_one_cm":60165,"minecraft:damage_taken":468,"minecraft:walk_one_cm":19814,"minecraft:mob_kills":1,"minecraft:drop":3,"minecraft:damage_dealt":235,"minecraft:interact_with_crafting_table":2,"minecraft:fly_one_cm":55075,"minecraft:open_chest":8,"minecraft:crouch_one_cm":489,"minecraft:play_time":42170,"minecraft:deaths":2,"minecraft:sneak_time":123,"minecraft:jump":275,"minecraft:leave_game":1,"minecraft:walk_on_water_one_cm":938,"minecraft:time_since_death":4879,"minecraft:climb_one_cm":488,"minecraft:total_world_time":42170,"minecraft:fall_one_cm":8029},"minecraft:dropped":{"minecraft:dark_oak_log":1,"minecraft:spider_eye":1,"minecraft:rooted_dirt":1}},"DataVersion":3465}