{"stats":{"minecraft:mined":{"minecraft:dark_oak_log":1},"minecraft:dropped":{"minecraft:spider_eye":1,"minecraft:rooted_dirt":1,"minecraft:dark_oak_log":1},"minecraft:picked_up":{"minecraft:rooted_dirt":1,"minecraft:spider_eye":1,"minecraft:dark_oak_log":1,"minecraft:dirt":1},"minecraft:killed":{"minecraft:spider":1},"minecraft:custom":{"minecraft:jump":61,"minecraft:time_since_rest":5851,"minecraft:damage_dealt":160,"minecraft:damage_taken":140,"minecraft:sprint_one_cm":8670,"minecraft:play_time":5851,"minecraft:time_since_death":5851,"minecraft:walk_one_cm":6763,"minecraft:total_world_time":5851,"minecraft:mob_kills":1,"minecraft:drop":3,"minecraft:fall_one_cm":1314,"minecraft:fly_one_cm":6473},"minecraft:used":{"minecraft:dirt":1}},"DataVersion":3465}