{"stats":{"minecraft:crafted":{"minecraft:oak_planks":28,"minecraft:crafting_table":4,"minecraft:stone_axe":1,"minecraft:stick":8,"minecraft:stone_pickaxe":1,"minecraft:wooden_axe":1,"minecraft:stone_sword":2,"cannibal:bone_sword":3,"minecraft:dark_oak_planks":296},"minecraft:broken":{"cannibal:bone_sword":1},"minecraft:killed":{"minecraft:pig":4,"cannibal:cannibal":6,"minecraft:spider":2,"cannibal:cannibal_butcher":1,"minecraft:zombie":3,"minecraft:silverfish":2},"minecraft:picked_up":{"minecraft:birch_log":14,"minecraft:charcoal":10,"minecraft:anvil":1,"cannibal:bone_sword":5,"minecraft:black_bed":2,"minecraft:smoker":1,"minecraft:oak_log":30,"minecraft:dirt":5,"minecraft:lantern":1,"minecraft:apple":9,"minecraft:candle":3,"cannibal:fresh_flesh":5,"minecraft:birch_sapling":7,"minecraft:dark_oak_sapling":11,"minecraft:stick":41,"minecraft:porkchop":7,"cannibal:stone_saw":1,"minecraft:cherry_log":62,"minecraft:blast_furnace":2,"minecraft:spruce_log":10,"minecraft:dark_oak_log":200,"minecraft:spider_eye":1,"minecraft:dark_oak_planks":2,"minecraft:rotten_flesh":1,"minecraft:cherry_sapling":13,"minecraft:rooted_dirt":1,"minecraft:oak_sapling":23,"minecraft:white_wool":3,"minecraft:cobblestone":32},"minecraft:killed_by":{"cannibal:cannibal_butcher":1,"cannibal:cannibal":4,"minecraft:zombie":1,"minecraft:iron_golem":1},"minecraft:used":{"minecraft:stone_sword":36,"cannibal:stone_saw":28,"minecraft:stone_pickaxe":12,"minecraft:oak_planks":20,"minecraft:dirt":1,"minecraft:crafting_table":4,"minecraft:dark_oak_planks":30,"minecraft:lantern":1,"minecraft:bread":19,"cannibal:bone_sword":21,"minecraft:stone_axe":12,"minecraft:cherry_log":1,"minecraft:candle":3},"minecraft:mined":{"minecraft:dark_oak_planks":2,"minecraft:red_bed":1,"minecraft:dark_oak_leaves":1,"minecraft:candle":1,"minecraft:smoker":1,"minecraft:dark_oak_log":4,"minecraft:blast_furnace":2,"minecraft:grass_block":1,"minecraft:campfire":5,"minecraft:rooted_dirt":1,"minecraft:spruce_log":1,"minecraft:black_bed":2,"minecraft:anvil":1,"minecraft:grass":5,"minecraft:oak_log":1,"minecraft:dirt":3,"minecraft:stone":4,"minecraft:infested_stone":1},"minecraft:custom":{"minecraft:mob_kills":19,"minecraft:interact_with_crafting_table":5,"minecraft:open_barrel":20,"minecraft:interact_with_grindstone":1,"minecraft:leave_game":1,"minecraft:time_since_death":149,"minecraft:climb_one_cm":1249,"minecraft:time_since_rest":175,"minecraft:sprint_one_cm":158467,"minecraft:damage_taken":4142,"minecraft:walk_one_cm":55431,"minecraft:drop":7,"minecraft:damage_dealt":5805,"minecraft:fly_one_cm":212893,"minecraft:player_kills":2,"minecraft:open_chest":21,"minecraft:crouch_one_cm":5586,"minecraft:play_time":66170,"minecraft:deaths":13,"minecraft:sneak_time":2050,"minecraft:jump":941,"minecraft:walk_on_water_one_cm":2998,"minecraft:total_world_time":66170,"minecraft:fall_one_cm":35765},"minecraft:dropped":{"minecraft:stone_sword":1,"minecraft:dark_oak_sapling":11,"minecraft:birch_sapling":7,"minecraft:rooted_dirt":1,"minecraft:dark_oak_log":1,"minecraft:oak_sapling":8,"minecraft:spider_eye":1}},"DataVersion":3465}