{"stats":{"minecraft:custom":{"minecraft:jump":5,"minecraft:time_since_rest":5545,"minecraft:leave_game":1,"minecraft:sprint_one_cm":1427,"minecraft:play_time":5545,"minecraft:time_since_death":5545,"minecraft:walk_one_cm":206,"minecraft:sneak_time":86,"minecraft:total_world_time":5545,"minecraft:fly_one_cm":58010},"minecraft:picked_up":{"minecraft:diorite":21,"minecraft:dirt":8,"minecraft:cobblestone":45},"minecraft:mined":{"minecraft:grass_block":8,"minecraft:stone":73,"minecraft:diorite":55,"minecraft:dirt":16},"minecraft:used":{"luphieclutteredmod:luphie_mushroom_bed":1,"luphieclutteredmod:luphie_general_store_cabinet":2}},"DataVersion":3465}