{"stats":{"minecraft:crafted":{"minecraft:oak_planks":28,"minecraft:crafting_table":4,"minecraft:stick":8,"minecraft:stone_pickaxe":1,"minecraft:wooden_axe":1,"minecraft:stone_sword":2,"cannibal:bone_sword":3,"minecraft:dark_oak_planks":296,"minecraft:stone_axe":1},"minecraft:broken":{"cannibal:bone_sword":1},"minecraft:killed":{"minecraft:pig":4,"cannibal:cannibal":4,"minecraft:spider":1,"cannibal:cannibal_butcher":1},"minecraft:picked_up":{"minecraft:birch_log":14,"minecraft:dark_oak_sapling":11,"minecraft:charcoal":10,"minecraft:stick":41,"minecraft:anvil":1,"cannibal:bone_sword":4,"minecraft:black_bed":2,"minecraft:porkchop":7,"minecraft:oak_log":30,"minecraft:cherry_log":62,"minecraft:blast_furnace":2,"minecraft:spruce_log":9,"minecraft:dark_oak_log":200,"minecraft:spider_eye":1,"minecraft:dirt":5,"minecraft:lantern":1,"minecraft:dark_oak_planks":1,"minecraft:apple":9,"minecraft:candle":3,"cannibal:fresh_flesh":3,"minecraft:cherry_sapling":13,"minecraft:rooted_dirt":1,"minecraft:oak_sapling":23,"minecraft:birch_sapling":7,"minecraft:white_wool":3,"minecraft:cobblestone":32},"minecraft:killed_by":{"minecraft:zombie":1},"minecraft:used":{"minecraft:dark_oak_planks":5,"minecraft:stone_sword":36,"minecraft:lantern":1,"minecraft:bread":14,"minecraft:stone_pickaxe":7,"minecraft:oak_planks":20,"cannibal:bone_sword":21,"minecraft:stone_axe":12,"minecraft:dirt":1,"minecraft:crafting_table":4,"minecraft:cherry_log":1,"minecraft:candle":3},"minecraft:mined":{"minecraft:dark_oak_planks":1,"minecraft:red_bed":1,"minecraft:dark_oak_leaves":1,"minecraft:candle":1,"minecraft:dark_oak_log":4,"minecraft:black_bed":2,"minecraft:anvil":1,"minecraft:grass":3,"minecraft:grass_block":1,"minecraft:blast_furnace":2,"minecraft:oak_log":1,"minecraft:dirt":3,"minecraft:campfire":5,"minecraft:stone":4,"minecraft:rooted_dirt":1},"minecraft:custom":{"minecraft:time_since_rest":5254,"minecraft:sprint_one_cm":108409,"minecraft:damage_taken":1333,"minecraft:walk_one_cm":30423,"minecraft:mob_kills":10,"minecraft:drop":7,"minecraft:damage_dealt":3417,"minecraft:interact_with_crafting_table":5,"minecraft:fly_one_cm":139204,"minecraft:open_chest":16,"minecraft:crouch_one_cm":4728,"minecraft:play_time":54170,"minecraft:deaths":3,"minecraft:sneak_time":1763,"minecraft:jump":616,"minecraft:leave_game":1,"minecraft:walk_on_water_one_cm":2539,"minecraft:time_since_death":5228,"minecraft:climb_one_cm":749,"minecraft:total_world_time":54170,"minecraft:fall_one_cm":18669},"minecraft:dropped":{"minecraft:dark_oak_log":1,"minecraft:stone_sword":1,"minecraft:dark_oak_sapling":11,"minecraft:birch_sapling":7,"minecraft:oak_sapling":8,"minecraft:spider_eye":1,"minecraft:rooted_dirt":1}},"DataVersion":3465}